{
  "ids": [
    190,
    191,
    201,
    202,
    189,
    204,
    194,
    199,
    200,
    188,
    195,
    203,
    193,
    198,
    207,
    197,
    206,
    196,
    205,
    208
  ],
  "rvecs": [
    [
      0.0,
      0.0,
      0.0
    ],
    [
      -0.7894125732811081,
      0.7908281184353689,
      0.6084388567990103
    ],
    [
      -0.4083908185163102,
      0.37881259147360846,
      0.24314473097212605
    ],
    [
      -1.217459769916625,
      1.1550267971997679,
      0.8472573183394102
    ],
    [
      0.825501520001566,
      -0.7602152057361161,
      -0.5997717488873823
    ],
    [
      0.49266376779174287,
      2.083759742348578,
      -2.252420848536181
    ],
    [
      1.2478243747217166,
      2.3128488236332916,
      -1.6196507429529303
    ],
    [
      1.2116559862276737,
      -1.1718018479803118,
      -0.8354732662751873
    ],
    [
      0.40430917199222915,
      -0.3845068653080179,
      -0.2864186280468589
    ],
    [
      1.5471612003485997,
      -1.6050555946024605,
      -1.0815874506064636
    ],
    [
      -0.27614668857954566,
      1.6126821451319717,
      -2.65369973636831
    ],
    [
      1.8384199378883523,
      2.359117779668503,
      -0.8607660178387284
    ],
    [
      0.036599334215288326,
      -3.140904535395066,
      0.016936371010730224
    ],
    [
      2.000295517231105,
      -1.9483924925381646,
      -1.3984396141131263
    ],
    [
      -2.4194939717604735,
      -1.8018906978863218,
      -0.8527199182775166
    ],
    [
      -2.374787231154267,
      -1.1931976366287869,
      -1.6415956423153766
    ],
    [
      -2.0998306057119147,
      -0.5263569906181831,
      -2.2754515858932463
    ],
    [
      -1.6300593320637853,
      0.25030377807075344,
      -2.650542136621221
    ],
    [
      -0.9581815779096411,
      0.9927383159147429,
      -2.746724313106197
    ],
    [
      1.4347020613704713,
      1.44253470360314,
      0.02205742941560804
    ]
  ],
  "tvecs": [
    [
      0.0,
      0.0,
      0.0
    ],
    [
      -0.006943354272090854,
      -0.016313125987087465,
      0.010637506313564134
    ],
    [
      -0.03039704508163453,
      0.014113949028731317,
      0.020442091049250054
    ],
    [
      -0.028028026599696373,
      0.00360176765280263,
      0.03878458203916143
    ],
    [
      0.01619113479488027,
      0.008051043784642976,
      0.010636860646318573
    ],
    [
      -0.017566621767313897,
      0.0407694481552032,
      0.034594349626024125
    ],
    [
      0.010503587697557815,
      0.013690588101520948,
      0.02769160505569984
    ],
    [
      -0.004748252339604939,
      0.028615187311876664,
      0.03829811466716454
    ],
    [
      -0.015447470258584443,
      0.030037356811921108,
      0.02028729388489206
    ],
    [
      0.01856491422141361,
      -0.0027936874278323837,
      0.02837440686517822
    ],
    [
      3.1240903474588633e-07,
      0.015665370569183927,
      0.010393394931225538
    ],
    [
      -0.01598016936080017,
      0.03023251674217171,
      0.05231515471191224
    ],
    [
      0.0029580822698425935,
      -0.002069370721933042,
      0.03852235809055714
    ],
    [
      -0.012500645095319127,
      0.012587521898357615,
      0.049282420029257944
    ],
    [
      -0.030023808690593463,
      0.014851791918456082,
      0.05269314673091921
    ],
    [
      -0.013361307806457126,
      -0.010906957901820669,
      0.027044869534465298
    ],
    [
      -0.041216356460598416,
      0.015984373549604986,
      0.034775648752018655
    ],
    [
      -0.014784293497882439,
      -0.00012536897598541125,
      0.009003247368596388
    ],
    [
      -0.033454504353177913,
      0.032415705052271995,
      0.02368362026586946
    ],
    [
      -0.03467896128034022,
      0.03352493455997786,
      0.04652960215614685
    ]
  ],
  "dimensions": [
    0.0124079,
    0.0124079,
    0.0124079,
    0.0124079,
    0.0124079,
    0.0124079,
    0.0124079,
    0.0124079,
    0.0124079,
    0.0124079,
    0.0124079,
    0.0124079,
    0.0124079,
    0.0124079,
    0.0124079,
    0.0124079,
    0.0124079,
    0.0124079,
    0.0124079,
    0.0124079
  ],
  "label": null
}